Built,n,prop
3.6.0,209,0.5543766578249337
3.6.1,4,0.010610079575596816
3.6.2,142,0.376657824933687
3.6.3,22,0.058355437665782495
